STT3A Arabidopsis thaliana,S66,N68,Y171,N173,S358,M210,L414,G589,N654,S584,W585,W586,D603,N604,N605,M370
STT3B Arabidopsis thaliana,T84,K86,Y189,N191,S374,M228,L430,G566,N631,S561,W562,W563,D580,N581,N582,F386
STT3A Homo sapiens,A61,E63,Y166,N168,S350,M205,L406,G529,N594,S524,W525,W526,D543,N544,N545,F362
STT3B Homo sapiens,A115,H117,F220,N222,S404,M259,L460,G608,N673,S603,W604,W605,D622,N623,N624,F416
Campylobacter jejuni,I51,N53,Y151,T153,Q315,W193,L371,G461,L570,T456,W457,W458,D475,G476,G477,R327
Campylobacter lari,T53,N55,Y153,T155,M318,W195,L374,G467,R571,A462,W463,W464,D481,G482,G483,Q330
Desulfovibrio litoralis,S65,H67,Y156,T158,V383,W229,G439,G533,P630,I528,W529,W530,D547,G548,A549,T395
Desulfovibrio alaskensis,A53,H55,Y144,T146,I345,W215,A401,G502,R596,Y497,W498,W499,D516,G517,A518,T357
Desulfovibrio cuneatus,A75,H77,Y166,T168,I421,S264,G477,G579,R674,N574,W575,W576,D593,G594,A595,S433
Cupidesulfovibrio termitidis,A100,H102,C191,T193,I415,W282,G471,G563,R658,N558,W559,W560,D577,G578,A579,A427
Cupidesulfovibrio sp. HK-II,A115,H117,C206,T208,I420,W287,G476,G568,R663,N563,W564,W565,D582,G583,A584,A432
Desulfovibrio sp. A2,A91,H93,C182,T184,I396,W263,G452,G544,R639,N539,W540,W541,D558,G559,A560,A408
Desulfovibrio piger,A57,H59,Y148,T150,T363,W228,G419,G510,R613,L505,W506,W507,D524,G525,A526,A375
Desulfovibrio legallii,A85,H87,Y176,T178,I397,W264,G453,G545,R640,L540,W541,W542,D559,G560,A561,P409
Desulfovibrio sp. MES5,A58,H60,Y149,T151,I370,W237,G426,G518,R613,L513,W514,W515,D532,G533,A534,P382
Desulfovibrio fairfieldensis,A56,H58,Y147,T149,I362,W229,G418,G510,R605,L505,W506,W507,D524,G525,A526,P374
Desulfovibrio bastinii,G58,H60,Y149,T151,I338,Y206,G394,G487,N581,T482,W483,W484,N501,G502,G503,Y350
Desulfovibrio salexigens,G55,H57,Y146,T148,I336,Y204,G392,G484,R578,T479,W480,W481,D498,G499,S500,G348
Marinifilum sp.,G55,H57,Y146,T148,I336,Y204,G392,G484,R578,T479,W480,W481,D498,G499,S500,S348
Desulfovibrio gilichinskyi,G53,H55,Y144,T146,I334,Y202,G390,G482,R576,T477,W478,W479,N496,G497,G498,A346
Desulfovibrio hydrothermalis,G53,H55,Y144,T146,I341,Y208,G397,G489,R583,T484,W485,W486,N503,G504,G505,A353
Desulfovibrio ferrireducens,G53,H55,Y144,T146,I334,Y202,G390,G482,R576,T477,W478,W479,N496,G497,G498,S346
Desulfovibrio frigidus,G18,H20,Y109,T111,I299,Y167,G355,G447,R541,T442,W443,W444,N461,G462,G463,A311
Desulfovibrio gigas,G76,H78,Y171,T173,I364,F230,S420,G511,R606,T506,W507,W508,D525,G526,G527,E376
Desulfovibrio marinus,G52,H54,Y143,T145,I362,W227,T418,G510,R604,T505,W506,W507,D524,G525,G526,D374
Desulfovibrio indonesiensis,G58,H60,Y149,T151,I363,W227,T419,G511,R605,T506,W507,W508,D525,G526,G527,A375
